{
    "0000.jpg": {
        "brenner": 4047854.0,
        "laplacian": 0.7558851754061642,
        "sobel": 6488.211310564108,
        "tenengrad": 1.8554500108501752
    },
    "0001.jpg": {
        "brenner": 4686576.0,
        "laplacian": 0.7952865787363501,
        "sobel": 6511.141307881773,
        "tenengrad": 1.9590055458163635
    },
    "0002.jpg": {
        "brenner": 4083646.0,
        "laplacian": 0.7863072674115495,
        "sobel": 6496.856189344789,
        "tenengrad": 1.8669864281793322
    },
    "0003.jpg": {
        "brenner": 3471114.0,
        "laplacian": 0.8013439185157631,
        "sobel": 6430.889990942852,
        "tenengrad": 1.756882831037533
    },
    "0004.jpg": {
        "brenner": 6984812.0,
        "laplacian": 0.8049649158680552,
        "sobel": 6563.81057130125,
        "tenengrad": 2.1851179148305437
    },
    "0005.jpg": {
        "brenner": 4442862.0,
        "laplacian": 0.7938095578933098,
        "sobel": 6507.917825470116,
        "tenengrad": 1.9327458527585004
    },
    "0006.jpg": {
        "brenner": 3797936.0,
        "laplacian": 0.8033709486135286,
        "sobel": 6470.765083747822,
        "tenengrad": 1.831901335154408
    },
    "0007.jpg": {
        "brenner": 3930116.0,
        "laplacian": 0.7903613279585824,
        "sobel": 6473.634142523519,
        "tenengrad": 1.8425975549154736
    },
    "0008.jpg": {
        "brenner": 4990320.0,
        "laplacian": 0.8083781825166346,
        "sobel": 6522.070612945808,
        "tenengrad": 2.004972899550434
    },
    "0009.jpg": {
        "brenner": 3685554.0,
        "laplacian": 0.8002929683685303,
        "sobel": 6459.222045219386,
        "tenengrad": 1.8014073979698184
    },
    "0010.jpg": {
        "brenner": 5172094.0,
        "laplacian": 0.8032725691595489,
        "sobel": 6524.988099636376,
        "tenengrad": 2.0210824834084615
    },
    "0011.jpg": {
        "brenner": 8291088.0,
        "laplacian": 0.7745586175485571,
        "sobel": 6596.433879215642,
        "tenengrad": 2.2527434940416433
    },
    "0012.jpg": {
        "brenner": 3980520.0,
        "laplacian": 0.7898190342484798,
        "sobel": 6483.366019766527,
        "tenengrad": 1.8680483075013896
    },
    "0013.jpg": {
        "brenner": 3434196.0,
        "laplacian": 0.8151378033944122,
        "sobel": 6422.2953418141615,
        "tenengrad": 1.7516775553186048
    },
    "0014.jpg": {
        "brenner": 4024126.0,
        "laplacian": 0.7934733070858283,
        "sobel": 6481.790090507795,
        "tenengrad": 1.8602913855722358
    },
    "0015.jpg": {
        "brenner": 5124716.0,
        "laplacian": 0.8283034334326644,
        "sobel": 6519.610063271805,
        "tenengrad": 2.0324713765502773
    },
    "0016.jpg": {
        "brenner": 6732436.0,
        "laplacian": 0.8411519816644573,
        "sobel": 6554.7707663210385,
        "tenengrad": 2.195530834166077
    },
    "0017.jpg": {
        "brenner": 3592106.0,
        "laplacian": 0.7886548751635564,
        "sobel": 6452.96547361088,
        "tenengrad": 1.7757077596380044
    },
    "0018.jpg": {
        "brenner": 4256478.0,
        "laplacian": 0.7947434411556331,
        "sobel": 6488.035705656875,
        "tenengrad": 1.9035761410941776
    },
    "0019.jpg": {
        "brenner": 19596604.0,
        "laplacian": 0.8259648672031922,
        "sobel": 6677.605446091008,
        "tenengrad": 2.8062474184954103
    },
    "0020.jpg": {
        "brenner": 12333878.0,
        "laplacian": 0.8344047788053838,
        "sobel": 6628.8960022965675,
        "tenengrad": 2.517155023639335
    },
    "0021.jpg": {
        "brenner": 4820758.0,
        "laplacian": 0.7902191836919495,
        "sobel": 6524.304407231544,
        "tenengrad": 1.9738068869156984
    },
    "0022.jpg": {
        "brenner": 4753478.0,
        "laplacian": 0.8026011521294946,
        "sobel": 6519.344613598685,
        "tenengrad": 1.9694497120400491
    },
    "0023.jpg": {
        "brenner": 4454584.0,
        "laplacian": 0.8068352138105302,
        "sobel": 6506.80263929275,
        "tenengrad": 1.935725696618843
    },
    "0024.jpg": {
        "brenner": 5481926.0,
        "laplacian": 0.7834768032636791,
        "sobel": 6540.315186351928,
        "tenengrad": 2.039316935128137
    },
    "0025.jpg": {
        "brenner": 4716124.0,
        "laplacian": 0.7937682046582829,
        "sobel": 6518.34415005465,
        "tenengrad": 1.9610019887847387
    },
    "0026.jpg": {
        "brenner": 6649810.0,
        "laplacian": 0.8115713008379877,
        "sobel": 6559.73542915006,
        "tenengrad": 2.1553317381372987
    },
    "0027.jpg": {
        "brenner": 4646448.0,
        "laplacian": 0.7838251104420113,
        "sobel": 6519.635929622049,
        "tenengrad": 1.9506910550204841
    },
    "0028.jpg": {
        "brenner": 4386044.0,
        "laplacian": 0.7868910346010269,
        "sobel": 6503.5058400876005,
        "tenengrad": 1.9112904994364102
    },
    "0029.jpg": {
        "brenner": 3547696.0,
        "laplacian": 0.7951308105147672,
        "sobel": 6447.991202463184,
        "tenengrad": 1.7751818765256864
    },
    "0030.jpg": {
        "brenner": 3533084.0,
        "laplacian": 0.812927155479063,
        "sobel": 6434.759042224829,
        "tenengrad": 1.7787273362061766
    },
    "0031.jpg": {
        "brenner": 8426458.0,
        "laplacian": 0.7807456835292663,
        "sobel": 6593.469182907216,
        "tenengrad": 2.263925901832066
    },
    "0032.jpg": {
        "brenner": 6216626.0,
        "laplacian": 0.7810685519087616,
        "sobel": 6562.694147956233,
        "tenengrad": 2.109557912944934
    },
    "0033.jpg": {
        "brenner": 5457864.0,
        "laplacian": 0.8112649497117196,
        "sobel": 6536.418832846594,
        "tenengrad": 2.0592258007412694
    },
    "0034.jpg": {
        "brenner": 16249346.0,
        "laplacian": 0.8364245751567398,
        "sobel": 6655.016447449738,
        "tenengrad": 2.6502788796367565
    },
    "0035.jpg": {
        "brenner": 10864378.0,
        "laplacian": 0.814933087127142,
        "sobel": 6622.15750414023,
        "tenengrad": 2.3966749920434665
    },
    "0036.jpg": {
        "brenner": 5109130.0,
        "laplacian": 0.8064309650555318,
        "sobel": 6532.693677853889,
        "tenengrad": 2.026937065220638
    },
    "0037.jpg": {
        "brenner": 6508444.0,
        "laplacian": 0.8023523095471344,
        "sobel": 6562.0839888009195,
        "tenengrad": 2.159677049769646
    },
    "0038.jpg": {
        "brenner": 9437716.0,
        "laplacian": 0.7819293736397653,
        "sobel": 6607.880225326461,
        "tenengrad": 2.3184973697024964
    },
    "0039.jpg": {
        "brenner": 5926016.0,
        "laplacian": 0.7901361155844271,
        "sobel": 6555.0940040099595,
        "tenengrad": 2.0928730646576574
    },
    "0040.jpg": {
        "brenner": 3974990.0,
        "laplacian": 0.8118253276137134,
        "sobel": 6480.27433979484,
        "tenengrad": 1.8726579112268882
    },
    "0041.jpg": {
        "brenner": 4497642.0,
        "laplacian": 0.8229025606538696,
        "sobel": 6499.039230824029,
        "tenengrad": 1.9571066126725774
    },
    "0042.jpg": {
        "brenner": 3624954.0,
        "laplacian": 0.7953474631324182,
        "sobel": 6454.805769866694,
        "tenengrad": 1.7886758969894572
    },
    "0043.jpg": {
        "brenner": 7559830.0,
        "laplacian": 0.8078419171284329,
        "sobel": 6572.066406431008,
        "tenengrad": 2.2336673725605065
    },
    "0044.jpg": {
        "brenner": 4341048.0,
        "laplacian": 0.8036562015058426,
        "sobel": 6498.193577442872,
        "tenengrad": 1.9207654499696567
    },
    "0045.jpg": {
        "brenner": 8769324.0,
        "laplacian": 0.7930273434485927,
        "sobel": 6592.057515273265,
        "tenengrad": 2.283487917672059
    },
    "0046.jpg": {
        "brenner": 4108368.0,
        "laplacian": 0.8067926550796561,